{"mode": "train", "lr": 0.046650961927893426, "data_time": 0.0018962502479553222, "grad_norm": 0.4559473007917404, "loss": 0.5579499743878842, "top1_acc": 1.0, "top5_acc": 1.0, "loss_cls": 0.5579499743878842, "time": 0.032508885860443114, "epoch": 5, "iter": 20025, "memory": 213, "step": 20025}
{"mode": "val", "acc/top1": 0.5208455666470934, "acc/top5": 0.7598355842630652, "acc/mean1": 0.1, "data_time": 0.0020562775052440775, "time": 0.01630971883929483, "step": 5, "iter": 5, "epoch": 5}
{"mode": "train", "lr": 0.037500566100396975, "data_time": 0.0038565993309020996, "grad_norm": 0.460479362308979, "loss": 0.5630847752094269, "top1_acc": 1.0, "top5_acc": 1.0, "loss_cls": 0.5630847752094269, "time": 0.0341896653175354, "epoch": 10, "iter": 40050, "memory": 213, "step": 40050}
{"mode": "val", "acc/top1": 0.5208455666470934, "acc/top5": 0.7598355842630652, "acc/mean1": 0.1, "data_time": 0.00200942144707335, "time": 0.016217224754637955, "step": 10, "iter": 10, "epoch": 10}
{"mode": "train", "lr": 0.025000653681367124, "data_time": 0.002224302291870117, "grad_norm": 0.4822674050927162, "loss": 0.5907797604799271, "top1_acc": 1.0, "top5_acc": 1.0, "loss_cls": 0.5907797604799271, "time": 0.03372311592102051, "epoch": 15, "iter": 60075, "memory": 213, "step": 60075}
{"mode": "val", "acc/top1": 0.5208455666470934, "acc/top5": 0.7598355842630652, "acc/mean1": 0.1, "data_time": 0.002137984468343672, "time": 0.016432115449591982, "step": 15, "iter": 15, "epoch": 15}
{"mode": "train", "lr": 0.012500566108943036, "data_time": 0.0020343661308288574, "grad_norm": 0.465492294728756, "loss": 0.6909798994660378, "top1_acc": 1.0, "top5_acc": 1.0, "loss_cls": 0.6909798994660378, "time": 0.034054124355316163, "epoch": 20, "iter": 80100, "memory": 213, "step": 80100}
{"mode": "val", "acc/top1": 0.5208455666470934, "acc/top5": 0.7598355842630652, "acc/mean1": 0.1, "data_time": 0.0021213146162704683, "time": 0.016435082249798127, "step": 20, "iter": 20, "epoch": 20}
{"mode": "train", "lr": 0.0033496917534738156, "data_time": 0.0021379828453063966, "grad_norm": 0.5305471941828728, "loss": 1.0388708099722863, "top1_acc": 1.0, "top5_acc": 1.0, "loss_cls": 1.0388708099722863, "time": 0.034955596923828124, "epoch": 25, "iter": 100125, "memory": 213, "step": 100125}
{"mode": "val", "acc/top1": 0.5208455666470934, "acc/top5": 0.7874339401056958, "acc/mean1": 0.1, "data_time": 0.0019907081071199946, "time": 0.016243022932133203, "step": 25, "iter": 25, "epoch": 25}
{"mode": "train", "lr": 8.545986140972852e-12, "data_time": 0.002261054515838623, "grad_norm": 0.6270970106124878, "loss": 1.1093039512634277, "top1_acc": 1.0, "top5_acc": 1.0, "loss_cls": 1.1093039512634277, "time": 0.03458540439605713, "epoch": 30, "iter": 120150, "memory": 213, "step": 120150}
{"mode": "val", "acc/top1": 0.5208455666470934, "acc/top5": 0.7938931297709924, "acc/mean1": 0.1, "data_time": 0.001939107554619301, "time": 0.016170696753291455, "step": 30, "iter": 30, "epoch": 30}