{"mode": "train", "lr": 0.023325480963946713, "grad_norm": 0.48691142201423643, "loss": 0.5979122787714004, "top1_acc": 1.0, "top5_acc": 1.0, "loss_cls": 0.5979122787714004, "epoch": 5, "iter": 20025, "memory": 212, "step": 20025}
{"mode": "val", "acc/top1": 0.5208455666470934, "acc/top5": 0.7598355842630652, "acc/mean1": 0.1, "step": 5, "iter": 5, "epoch": 5}
{"mode": "train", "lr": 0.018750283050198487, "grad_norm": 0.4913192629814148, "loss": 0.6223686799407006, "top1_acc": 1.0, "top5_acc": 1.0, "loss_cls": 0.6223686799407006, "epoch": 10, "iter": 40050, "memory": 212, "step": 40050}
{"mode": "val", "acc/top1": 0.5208455666470934, "acc/top5": 0.7598355842630652, "acc/mean1": 0.1, "step": 10, "iter": 10, "epoch": 10}
{"mode": "train", "lr": 0.012500326840683562, "grad_norm": 0.4654398947954178, "loss": 0.6912493944168091, "top1_acc": 1.0, "top5_acc": 1.0, "loss_cls": 0.6912493944168091, "epoch": 15, "iter": 60075, "memory": 212, "step": 60075}
{"mode": "val", "acc/top1": 0.5208455666470934, "acc/top5": 0.7598355842630652, "acc/mean1": 0.1, "step": 15, "iter": 15, "epoch": 15}
{"mode": "train", "lr": 0.006250283054471518, "grad_norm": 0.4666918843984604, "loss": 0.8834097042679787, "top1_acc": 1.0, "top5_acc": 1.0, "loss_cls": 0.8834097042679787, "epoch": 20, "iter": 80100, "memory": 212, "step": 80100}
{"mode": "val", "acc/top1": 0.5208455666470934, "acc/top5": 0.7598355842630652, "acc/mean1": 0.1, "step": 20, "iter": 20, "epoch": 20}
{"mode": "train", "lr": 0.0016748458767369078, "grad_norm": 0.6271949917078018, "loss": 1.1832880824804306, "top1_acc": 1.0, "top5_acc": 1.0, "loss_cls": 1.1832880824804306, "epoch": 25, "iter": 100125, "memory": 212, "step": 100125}
{"mode": "val", "acc/top1": 0.5208455666470934, "acc/top5": 0.7874339401056958, "acc/mean1": 0.1, "step": 25, "iter": 25, "epoch": 25}
{"mode": "train", "lr": 4.272993070486426e-12, "grad_norm": 0.6264714479446412, "loss": 1.110786771774292, "top1_acc": 1.0, "top5_acc": 1.0, "loss_cls": 1.110786771774292, "epoch": 30, "iter": 120150, "memory": 212, "step": 120150}
{"mode": "val", "acc/top1": 0.5208455666470934, "acc/top5": 0.7938931297709924, "acc/mean1": 0.1, "step": 30, "iter": 30, "epoch": 30}