{"mode": "train", "lr": 0.023325480963946713, "data_time": 0.0018084287643432618, "grad_norm": 0.46667093634605405, "loss": 0.5848131030797958, "top1_acc": 1.0, "top5_acc": 1.0, "loss_cls": 0.5848131030797958, "time": 0.03112320899963379, "epoch": 5, "iter": 20025, "memory": 213, "step": 20025}
{"mode": "val", "acc/top1": 0.5208455666470934, "acc/top5": 0.7598355842630652, "acc/mean1": 0.1, "data_time": 0.0019534163382637173, "time": 0.016215283942096596, "step": 5, "iter": 5, "epoch": 5}
{"mode": "train", "lr": 0.018750283050198487, "data_time": 0.002062678337097168, "grad_norm": 0.47839047610759733, "loss": 0.6105243891477585, "top1_acc": 1.0, "top5_acc": 1.0, "loss_cls": 0.6105243891477585, "time": 0.0333035945892334, "epoch": 10, "iter": 40050, "memory": 213, "step": 40050}
{"mode": "val", "acc/top1": 0.5208455666470934, "acc/top5": 0.7598355842630652, "acc/mean1": 0.1, "data_time": 0.0021817352570278545, "time": 0.01648629089476357, "step": 10, "iter": 10, "epoch": 10}
{"mode": "train", "lr": 0.012500326840683562, "data_time": 0.001975345611572266, "grad_norm": 0.4627567619085312, "loss": 0.680347141623497, "top1_acc": 1.0, "top5_acc": 1.0, "loss_cls": 0.680347141623497, "time": 0.03302576541900635, "epoch": 15, "iter": 60075, "memory": 213, "step": 60075}
{"mode": "val", "acc/top1": 0.5208455666470934, "acc/top5": 0.7598355842630652, "acc/mean1": 0.1, "data_time": 0.002324358538282869, "time": 0.016697906692263106, "step": 15, "iter": 15, "epoch": 15}
{"mode": "train", "lr": 0.006250283054471518, "data_time": 0.002081155776977539, "grad_norm": 0.46309795677661897, "loss": 0.8714108318090439, "top1_acc": 1.0, "top5_acc": 1.0, "loss_cls": 0.8714108318090439, "time": 0.033698081970214844, "epoch": 20, "iter": 80100, "memory": 213, "step": 80100}
{"mode": "val", "acc/top1": 0.5208455666470934, "acc/top5": 0.7598355842630652, "acc/mean1": 0.1, "data_time": 0.00215935833017591, "time": 0.016535396447204087, "step": 20, "iter": 20, "epoch": 20}
{"mode": "train", "lr": 0.0016748458767369078, "data_time": 0.0021712541580200194, "grad_norm": 0.6215093970298767, "loss": 1.171705847978592, "top1_acc": 1.0, "top5_acc": 1.0, "loss_cls": 1.171705847978592, "time": 0.03431272506713867, "epoch": 25, "iter": 100125, "memory": 213, "step": 100125}
{"mode": "val", "acc/top1": 0.5208455666470934, "acc/top5": 0.7874339401056958, "acc/mean1": 0.1, "data_time": 0.0021643225855670625, "time": 0.016529141177593822, "step": 25, "iter": 25, "epoch": 25}
{"mode": "train", "lr": 4.272993070486426e-12, "data_time": 0.002273082733154297, "grad_norm": 0.6264714479446412, "loss": 1.110786771774292, "top1_acc": 1.0, "top5_acc": 1.0, "loss_cls": 1.110786771774292, "time": 0.03390581607818603, "epoch": 30, "iter": 120150, "memory": 213, "step": 120150}
{"mode": "val", "acc/top1": 0.5208455666470934, "acc/top5": 0.7938931297709924, "acc/mean1": 0.1, "data_time": 0.0022339062511641094, "time": 0.016648951270770578, "step": 30, "iter": 30, "epoch": 30}